image,developer,duration
tOmefrvQt7Am,Caffenol CM,15
dy9jKj6p2NjO,Caffenol CM,15
KyIF6SKmygeI,Caffenol CM,15
ydz2gA4m3qch,Caffenol CM,15
h8W2EYM87glv,Caffenol CM,15
vpcbrn3hzmbj,Caffenol CM,15
bgWTyRnHuldr,Caffenol CM,15
7ge7xuOEgELV,Caffenol CM,15
H8zOfhQdiwOW,Caffenol CM,15
fvgKPtesN2DG,Caffenol CM,15
VQLC4lyRRjmP,Caffenol CM,15
lvJ00ckWPLD9,Caffenol CM,15
TKY45xtVSKmX,Caffenol CM (rs),11
XoZup8BkrAX7,Caffenol CM (rs),11
otVoxpQW2Xeg,Caffenol CM (rs),11
BCfvLyVmRtFB,Caffenol CM (rs),11
MbZIwwnZReXI,Caffenol CM (rs),11
SqT1d0fgLTry,Caffenol CM (rs),11
ee33Lk8KgRek,Caffenol CM (rs),11
gwcJOabUonTy,Caffenol CM (rs),11
OgkCpzLcs5m6,Caffenol CM (rs),11
EPP1mYJPV6LL,Caffenol CM (rs),11
5qM0TIfVcpwA,Caffenol CM (rs),11
